{
  "required": true,
  "minVersion": "0.8",
  "package": "net.astrospud.ccastroadds.mixin",
  "compatibilityLevel": "JAVA_17",
  "mixins": [
    "CCAAEntityMixin",
    "CCAALivingEntityMixin",
    "ChestCavityInstanceMixin",
    "ChestCavityUtilMixin",
    "OrganActivationListenersMixin",
    "OrganTickListenersMixin",
    "forge.OrganFoodEffectMixin",
    "forge.OrganOnHitMixin",
    "forge.OrganTickMixin"
  ],
  "client": [],
  "injectors": {
    "defaultRequire": 1
  },
  "refmap": "ccastroadds.refmap.json"
}