{
  "type": "minecraft:crafting_shapeless",
  "ingredients": [
    {
      "item": "chestcavity:muscle"
    },
    {
      "item": "chestcavity:muscle"
    },
    {
      "item": "chestcavity:muscle"
    },
    {
      "item": "chestcavity:muscle"
    },
    {
      "item": "minecraft:echo_shard"
    },
    {
      "item": "chestcavity:muscle"
    },
    {
      "item": "chestcavity:muscle"
    },
    {
      "item": "chestcavity:muscle"
    },
    {
      "item": "chestcavity:muscle"
    }
  ],
  "result": {
    "item": "ccastroadds:abyssal_muscle"
  }
}