{
  "type": "minecraft:crafting_shaped",
  "pattern": [
    "GPG",
    "SCS",
    "c#c"
  ],
  "key": {
    "P": {
      "item": "minecraft:glass_bottle"
    },
    "C": {
      "item": "minecraft:copper_ingot"
    },
    "G": {
      "item": "minecraft:gravel"
    },
    "S": {
      "item": "minecraft:sand"
    },
    "c": {
      "item": "minecraft:charcoal"
    },
    "#": {
      "tag": "minecraft:stone_crafting_materials"
    }
  },
  "result": {
    "item": "ccastroadds:filter_pump"
  }
}