{
  "type": "minecraft:crafting_shapeless",
  "ingredients": [
    {
      "item": "chestcavity:muscle"
    },
    {
      "item": "chestcavity:muscle"
    },
    {
      "item": "chestcavity:muscle"
    },
    {
      "item": "chestcavity:muscle"
    },
    {
      "item": "minecraft:gold_ingot"
    },
    {
      "item": "chestcavity:muscle"
    },
    {
      "item": "chestcavity:muscle"
    },
    {
      "item": "chestcavity:muscle"
    },
    {
      "item": "chestcavity:muscle"
    }
  ],
  "result": {
    "item": "ccastroadds:hasty_muscle"
  }
}