{
  "parent": "minecraft:recipes/root",
  "criteria": {
    "has_echo_shard": {
      "conditions": {
        "items": [
          {
            "items": [
              "minecraft:echo_shard"
            ]
          }
        ]
      },
      "trigger": "minecraft:inventory_changed"
    },
    "has_the_recipe": {
      "conditions": {
        "recipe": "ccastroadds:abyssal_muscle"
      },
      "trigger": "minecraft:recipe_unlocked"
    }
  },
  "requirements": [
    [
      "has_echo_shard",
      "has_the_recipe"
    ]
  ],
  "rewards": {
    "recipes": [
      "ccastroadds:abyssal_muscle"
    ]
  }
}