{
  "parent": "minecraft:recipes/root",
  "criteria": {
    "has_dragon_heart": {
      "conditions": {
        "items": [
          {
            "items": [
              "chestcavity:dragon_heart"
            ]
          }
        ]
      },
      "trigger": "minecraft:inventory_changed"
    },
    "has_the_recipe": {
      "conditions": {
        "recipe": "ccastroadds:draconis_fundamentum"
      },
      "trigger": "minecraft:recipe_unlocked"
    }
  },
  "requirements": [
    [
      "has_dragon_heart",
      "has_the_recipe"
    ]
  ],
  "rewards": {
    "recipes": [
      "ccastroadds:draconis_fundamentum"
    ]
  }
}