{
  "parent": "minecraft:recipes/root",
  "criteria": {
    "has_gold_ingot": {
      "conditions": {
        "items": [
          {
            "items": [
              "minecraft:gold_ingot"
            ]
          }
        ]
      },
      "trigger": "minecraft:inventory_changed"
    },
    "has_the_recipe": {
      "conditions": {
        "recipe": "ccastroadds:reanimated_kidney"
      },
      "trigger": "minecraft:recipe_unlocked"
    }
  },
  "requirements": [
    [
      "has_gold_ingot",
      "has_the_recipe"
    ]
  ],
  "rewards": {
    "recipes": [
      "ccastroadds:reanimated_kidney"
    ]
  }
}