{
  "parent": "minecraft:recipes/root",
  "criteria": {
    "has_empty_canister": {
      "conditions": {
        "items": [
          {
            "items": [
              "ccastroadds:empty_canister"
            ]
          }
        ]
      },
      "trigger": "minecraft:inventory_changed"
    },
    "has_the_recipe": {
      "conditions": {
        "recipe": "ccastroadds:sculk_canister"
      },
      "trigger": "minecraft:recipe_unlocked"
    }
  },
  "requirements": [
    [
      "has_empty_canister",
      "has_the_recipe"
    ]
  ],
  "rewards": {
    "recipes": [
      "ccastroadds:sculk_canister"
    ]
  }
}