{
"itemID": "ccastroadds:creative_soul",
  "organScores": [
    {"id":"chestcavity:filtration","value": "2"},
    {"id":"chestcavity:breath_recovery","value": "2"},
    {"id":"chestcavity:nutrition","value": "4"},
    {"id":"chestcavity:nerves","value": "1"},
    {"id":"chestcavity:strength","value": "8"},
    {"id":"chestcavity:health","value": "1"},
    {"id":"chestcavity:breath_capacity","value": "2"},
    {"id":"chestcavity:detoxification","value": "1"},
    {"id":"chestcavity:speed","value": "8"},
    {"id":"chestcavity:endurance","value": "2"},
    {"id":"chestcavity:luck","value": "1"},
    {"id":"chestcavity:defense","value": "4.5"},
    {"id":"chestcavity:digestion","value": "1"},
    {"id":"chestcavity:metabolism","value": "1"}
  ]
}